"DESCRIPTION","DURATION IN MS","NAME","PARENT SUITE","START TIME","STATUS","STOP TIME","SUB SUITE","SUITE","TEST CLASS","TEST METHOD"
"","35745","verifySubmitWithStartDateOnly_BEDNET","Surefire suite","2026-09-29","broken","2026-09-29","tests.DraftCampaignTest","Surefire test","tests.DraftCampaignTest","verifySubmitWithStartDateOnly_BEDNET"
"","36089","verifyUploadFile_BEDNET","Surefire suite","2026-09-29","broken","2026-09-29","tests.UploadFileTest","Surefire test","tests.UploadFileTest","verifyUploadFile_BEDNET"
"","35976","verifyAppConfigurationBySwitchingToggleOff_BEDNET","Surefire suite","2026-09-29","broken","2026-09-29","tests.AppConfigurationTest","Surefire test","tests.AppConfigurationTest","verifyAppConfigurationBySwitchingToggleOff_BEDNET"
"","35368","verifyAppConfigurationWithEmptyLabel_BEDNET","Surefire suite","2026-09-29","broken","2026-09-29","tests.AppConfigurationTest","Surefire test","tests.AppConfigurationTest","verifyAppConfigurationWithEmptyLabel_BEDNET"
"","35238","verifySubmitWithoutFillingDates_MR_DN","Surefire suite","2026-09-29","broken","2026-09-29","tests.DraftCampaignTest","Surefire test","tests.DraftCampaignTest","verifySubmitWithoutFillingDates_MR_DN"
"","37362","verifyCampaignNameStartsWithSpecialChar_MR_DN","Surefire suite","2026-09-29","broken","2026-09-29","tests.DraftCampaignTest","Surefire test","tests.DraftCampaignTest","verifyCampaignNameStartsWithSpecialChar_MR_DN"
"","36768","verifyCampaignNameTooLong_MR_DN","Surefire suite","2026-09-29","broken","2026-09-29","tests.DraftCampaignTest","Surefire test","tests.DraftCampaignTest","verifyCampaignNameTooLong_MR_DN"
"","36264","verifySubmitWithoutFillingDates_BEDNET","Surefire suite","2026-09-29","broken","2026-09-29","tests.DraftCampaignTest","Surefire test","tests.DraftCampaignTest","verifySubmitWithoutFillingDates_BEDNET"
"","36438","verifyBoundarySelectionWithPartialSelection_MR_DN","Surefire suite","2026-09-29","broken","2026-09-29","tests.BoundarySelectionTest","Surefire test","tests.BoundarySelectionTest","verifyBoundarySelectionWithPartialSelection_MR_DN"
"","45466","createAssignAndResolveComplaintWithJpeg","Surefire suite","2026-09-29","broken","2026-09-29","tests.ComplaintTest","Surefire test","tests.ComplaintTest","createAssignAndResolveComplaintWithJpeg"
"","35764","verifyBoundarySelection_MR_DN","Surefire suite","2026-09-29","broken","2026-09-29","tests.BoundarySelectionTest","Surefire test","tests.BoundarySelectionTest","verifyBoundarySelection_MR_DN"
"","35281","verifyAppConfigurationBySwitchingToggleOff_MR_DN","Surefire suite","2026-09-29","broken","2026-09-29","tests.AppConfigurationTest","Surefire test","tests.AppConfigurationTest","verifyAppConfigurationBySwitchingToggleOff_MR_DN"
"","35270","verifyAppConfigurationWithEmptyLabel_MR_DN","Surefire suite","2026-09-29","broken","2026-09-29","tests.AppConfigurationTest","Surefire test","tests.AppConfigurationTest","verifyAppConfigurationWithEmptyLabel_MR_DN"
"","44654","assignComplaintWithPdf","Surefire suite","2026-09-29","broken","2026-09-29","tests.ComplaintTest","Surefire test","tests.ComplaintTest","assignComplaintWithPdf"
"","45287","createAssignAndRejectComplaintWithJpeg","Surefire suite","2026-09-29","broken","2026-09-29","tests.ComplaintTest","Surefire test","tests.ComplaintTest","createAssignAndRejectComplaintWithJpeg"
"","10219","verifyHomePageElements","Surefire suite","2026-09-29","passed","2026-09-29","tests.LoginTest","Surefire test","tests.LoginTest","verifyHomePageElements"
"","44309","createAssignAndRejectComplaint","Surefire suite","2026-09-29","broken","2026-09-29","tests.ComplaintTest","Surefire test","tests.ComplaintTest","createAssignAndRejectComplaint"
"","36368","verifyDeliveryRulesWithEmptyInput_BEDNET","Surefire suite","2026-09-29","broken","2026-09-29","tests.ConfigureDeliveryRulesTest","Surefire test","tests.ConfigureDeliveryRulesTest","verifyDeliveryRulesWithEmptyInput_BEDNET"
"","36841","verifyBoundarySelectionWithoutSelection_BEDNET","Surefire suite","2026-09-29","broken","2026-09-29","tests.BoundarySelectionTest","Surefire test","tests.BoundarySelectionTest","verifyBoundarySelectionWithoutSelection_BEDNET"
"","39332","verifyCampaignNameConsecutiveUnderscores_MR_DN","Surefire suite","2026-09-29","broken","2026-09-29","tests.DraftCampaignTest","Surefire test","tests.DraftCampaignTest","verifyCampaignNameConsecutiveUnderscores_MR_DN"
"","35879","verifyDraftCampaignFlow_BEDNET","Surefire suite","2026-09-29","broken","2026-09-29","tests.DraftCampaignTest","Surefire test","tests.DraftCampaignTest","verifyDraftCampaignFlow_BEDNET"
"","36329","verifyUploadInvalidFileType_MR_DN","Surefire suite","2026-09-29","broken","2026-09-29","tests.UploadFileTest","Surefire test","tests.UploadFileTest","verifyUploadInvalidFileType_MR_DN"
"","38054","verifyConfigureDeliveryRules_MR_DN","Surefire suite","2026-09-29","broken","2026-09-29","tests.ConfigureDeliveryRulesTest","Surefire test","tests.ConfigureDeliveryRulesTest","verifyConfigureDeliveryRules_MR_DN"
"","34790","verifyNextWithFirstStartDateOnly_BEDNET","Surefire suite","2026-09-29","broken","2026-09-29","tests.ConfigureDeliveryRulesTest","Surefire test","tests.ConfigureDeliveryRulesTest","verifyNextWithFirstStartDateOnly_BEDNET"
"","34743","verifySubmitWithEndDateOnly_BEDNET","Surefire suite","2026-09-29","broken","2026-09-29","tests.DraftCampaignTest","Surefire test","tests.DraftCampaignTest","verifySubmitWithEndDateOnly_BEDNET"
"","7381","verifyNavigationFromHome","Surefire suite","2026-09-29","passed","2026-09-29","tests.LoginTest","Surefire test","tests.LoginTest","verifyNavigationFromHome"
"","44663","createComplaint","Surefire suite","2026-09-29","broken","2026-09-29","tests.ComplaintTest","Surefire test","tests.ComplaintTest","createComplaint"
"","35452","verifyBoundarySelection_BEDNET","Surefire suite","2026-09-29","broken","2026-09-29","tests.BoundarySelectionTest","Surefire test","tests.BoundarySelectionTest","verifyBoundarySelection_BEDNET"
"","36980","verifyUploadFile_MR_DN","Surefire suite","2026-09-29","broken","2026-09-29","tests.UploadFileTest","Surefire test","tests.UploadFileTest","verifyUploadFile_MR_DN"
"","44399","rejectComplaintWithPdf","Surefire suite","2026-09-29","broken","2026-09-29","tests.ComplaintTest","Surefire test","tests.ComplaintTest","rejectComplaintWithPdf"
"","44364","resolveComplaintWithPdf","Surefire suite","2026-09-29","broken","2026-09-29","tests.ComplaintTest","Surefire test","tests.ComplaintTest","resolveComplaintWithPdf"
"","36270","verifyDeliveryRulesWithInvalidInput_BEDNET","Surefire suite","2026-09-29","broken","2026-09-29","tests.ConfigureDeliveryRulesTest","Surefire test","tests.ConfigureDeliveryRulesTest","verifyDeliveryRulesWithInvalidInput_BEDNET"
"","35245","verifyWithInvalidInputInFile_BEDNET","Surefire suite","2026-09-29","broken","2026-09-29","tests.UploadFileTest","Surefire test","tests.UploadFileTest","verifyWithInvalidInputInFile_BEDNET"
"","35355","verifyNextWithoutFillingDates_BEDNET","Surefire suite","2026-09-29","broken","2026-09-29","tests.ConfigureDeliveryRulesTest","Surefire test","tests.ConfigureDeliveryRulesTest","verifyNextWithoutFillingDates_BEDNET"
"","34373","verifyUploadInvalidFileType_BEDNET","Surefire suite","2026-09-29","broken","2026-09-29","tests.UploadFileTest","Surefire test","tests.UploadFileTest","verifyUploadInvalidFileType_BEDNET"
"","35333","verifyAppConfiguration_MR_DN","Surefire suite","2026-09-29","broken","2026-09-29","tests.AppConfigurationTest","Surefire test","tests.AppConfigurationTest","verifyAppConfiguration_MR_DN"
"","44522","createComplaintWithPdf","Surefire suite","2026-09-29","broken","2026-09-29","tests.ComplaintTest","Surefire test","tests.ComplaintTest","createComplaintWithPdf"
"","34829","verifyAppConfiguration_BEDNET","Surefire suite","2026-09-29","broken","2026-09-29","tests.AppConfigurationTest","Surefire test","tests.AppConfigurationTest","verifyAppConfiguration_BEDNET"
"","36899","verifyAppConfigurationByLabelChange_MR_DN","Surefire suite","2026-09-29","broken","2026-09-29","tests.AppConfigurationTest","Surefire test","tests.AppConfigurationTest","verifyAppConfigurationByLabelChange_MR_DN"
"","39213","verifyBoundarySelectionWithPartialSelection_BEDNET","Surefire suite","2026-09-29","broken","2026-09-29","tests.BoundarySelectionTest","Surefire test","tests.BoundarySelectionTest","verifyBoundarySelectionWithPartialSelection_BEDNET"
"","39224","verifyBoundarySelectionWithMissingLowestLevel_MR_DN","Surefire suite","2026-09-29","broken","2026-09-29","tests.BoundarySelectionTest","Surefire test","tests.BoundarySelectionTest","verifyBoundarySelectionWithMissingLowestLevel_MR_DN"
"","35478","verifyDeliveryRulesWithEmptyInput_MR_DN","Surefire suite","2026-09-29","broken","2026-09-29","tests.ConfigureDeliveryRulesTest","Surefire test","tests.ConfigureDeliveryRulesTest","verifyDeliveryRulesWithEmptyInput_MR_DN"
"","41271","verifyCreateCampaignFromScratch_BEDNET","Surefire suite","2026-09-29","broken","2026-09-29","tests.CampaignLandingTest","Surefire test","tests.CampaignLandingTest","verifyCreateCampaignFromScratch_BEDNET"
"","36315","verifyDeliveryRulesWithZeroInput_MR_DN","Surefire suite","2026-09-29","broken","2026-09-29","tests.ConfigureDeliveryRulesTest","Surefire test","tests.ConfigureDeliveryRulesTest","verifyDeliveryRulesWithZeroInput_MR_DN"
"","36250","verifyCreateChecklist_MR_DN","Surefire suite","2026-09-29","broken","2026-09-29","tests.CreateChecklistTest","Surefire test","tests.CreateChecklistTest","verifyCreateChecklist_MR_DN"
"","35319","verifyNextWithoutFillingDates_MR_DN","Surefire suite","2026-09-29","broken","2026-09-29","tests.ConfigureDeliveryRulesTest","Surefire test","tests.ConfigureDeliveryRulesTest","verifyNextWithoutFillingDates_MR_DN"
"","35435","deactivateEmployee","Surefire suite","2026-09-29","broken","2026-09-29","tests.HRMSTest","Surefire test","tests.HRMSTest","deactivateEmployee"
"","35333","verifySubmitWithStartDateOnly_MR_DN","Surefire suite","2026-09-29","broken","2026-09-29","tests.DraftCampaignTest","Surefire test","tests.DraftCampaignTest","verifySubmitWithStartDateOnly_MR_DN"
"","36656","reactivateEmployee","Surefire suite","2026-09-29","broken","2026-09-29","tests.HRMSTest","Surefire test","tests.HRMSTest","reactivateEmployee"
"","44683","createAssignAndResolveComplaintWithPdf","Surefire suite","2026-09-29","broken","2026-09-29","tests.ComplaintTest","Surefire test","tests.ComplaintTest","createAssignAndResolveComplaintWithPdf"
"","35873","verifySubmitWithoutFile_BEDNET","Surefire suite","2026-09-29","broken","2026-09-29","tests.UploadFileTest","Surefire test","tests.UploadFileTest","verifySubmitWithoutFile_BEDNET"
"","37143","verifyCreateCampaignFromScratch_MR_DN","Surefire suite","2026-09-29","broken","2026-09-29","tests.CampaignLandingTest","Surefire test","tests.CampaignLandingTest","verifyCreateCampaignFromScratch_MR_DN"
"","2583","navigateToCreateComplaint","Surefire suite","2026-09-29","passed","2026-09-29","tests.HomeTest","Surefire test","tests.HomeTest","navigateToCreateComplaint"
"","44050","rejectComplaintWithJpeg","Surefire suite","2026-09-29","broken","2026-09-29","tests.ComplaintTest","Surefire test","tests.ComplaintTest","rejectComplaintWithJpeg"
"","45335","verifyConfigureDeliveryRules_BEDNET","Surefire suite","2026-09-29","broken","2026-09-29","tests.ConfigureDeliveryRulesTest","Surefire test","tests.ConfigureDeliveryRulesTest","verifyConfigureDeliveryRules_BEDNET"
"","35319","verifySubmitWithEndDateOnly_MR_DN","Surefire suite","2026-09-29","broken","2026-09-29","tests.DraftCampaignTest","Surefire test","tests.DraftCampaignTest","verifySubmitWithEndDateOnly_MR_DN"
"","56599","assignComplaint","Surefire suite","2026-09-29","broken","2026-09-29","tests.ComplaintTest","Surefire test","tests.ComplaintTest","assignComplaint"
"","45425","createEmployee","Surefire suite","2026-09-29","broken","2026-09-29","tests.HRMSTest","Surefire test","tests.HRMSTest","createEmployee"
"","36335","editEmployee","Surefire suite","2026-09-29","broken","2026-09-29","tests.HRMSTest","Surefire test","tests.HRMSTest","editEmployee"
"","38800","createEmployeeWithDuplicateMobile","Surefire suite","2026-09-29","broken","2026-09-29","tests.HRMSTest","Surefire test","tests.HRMSTest","createEmployeeWithDuplicateMobile"
"","34274","verifyDeliveryRulesWithZeroInput_BEDNET","Surefire suite","2026-09-29","broken","2026-09-29","tests.ConfigureDeliveryRulesTest","Surefire test","tests.ConfigureDeliveryRulesTest","verifyDeliveryRulesWithZeroInput_BEDNET"
"","46217","createAssignAndResolveComplaint","Surefire suite","2026-09-29","broken","2026-09-29","tests.ComplaintTest","Surefire test","tests.ComplaintTest","createAssignAndResolveComplaint"
"","878","verifyUserCanLogin","Surefire suite","2026-09-29","passed","2026-09-29","tests.LoginTest","Surefire test","tests.LoginTest","verifyUserCanLogin"
"","38236","verifyCampaignNameContainsEmoji_BEDNET","Surefire suite","2026-09-29","broken","2026-09-29","tests.DraftCampaignTest","Surefire test","tests.DraftCampaignTest","verifyCampaignNameContainsEmoji_BEDNET"
"","43966","resolveComplaint","Surefire suite","2026-09-29","broken","2026-09-29","tests.ComplaintTest","Surefire test","tests.ComplaintTest","resolveComplaint"
"","44468","createComplaintWithJpeg","Surefire suite","2026-09-29","broken","2026-09-29","tests.ComplaintTest","Surefire test","tests.ComplaintTest","createComplaintWithJpeg"
"","44844","verifyCreateChecklist_BEDNET","Surefire suite","2026-09-29","broken","2026-09-29","tests.CreateChecklistTest","Surefire test","tests.CreateChecklistTest","verifyCreateChecklist_BEDNET"
"","43991","verifyAppConfigurationByLabelChange_BEDNET","Surefire suite","2026-09-29","broken","2026-09-29","tests.AppConfigurationTest","Surefire test","tests.AppConfigurationTest","verifyAppConfigurationByLabelChange_BEDNET"
"","36891","verifyUploadInvalidExcelFile_MR_DN","Surefire suite","2026-09-29","broken","2026-09-29","tests.UploadFileTest","Surefire test","tests.UploadFileTest","verifyUploadInvalidExcelFile_MR_DN"
"","44642","createAssignAndRejectComplaintWithPdf","Surefire suite","2026-09-29","broken","2026-09-29","tests.ComplaintTest","Surefire test","tests.ComplaintTest","createAssignAndRejectComplaintWithPdf"
"","34882","verifyWithInvalidInputInFile_MR_DN","Surefire suite","2026-09-29","broken","2026-09-29","tests.UploadFileTest","Surefire test","tests.UploadFileTest","verifyWithInvalidInputInFile_MR_DN"
"","46136","assignComplaintWithJpeg","Surefire suite","2026-09-29","broken","2026-09-29","tests.ComplaintTest","Surefire test","tests.ComplaintTest","assignComplaintWithJpeg"
"","37493","createEmployeeWithDuplicateUsername","Surefire suite","2026-09-29","broken","2026-09-29","tests.HRMSTest","Surefire test","tests.HRMSTest","createEmployeeWithDuplicateUsername"
"","35750","verifyDeliveryRulesWithInvalidInput_MR_DN","Surefire suite","2026-09-29","broken","2026-09-29","tests.ConfigureDeliveryRulesTest","Surefire test","tests.ConfigureDeliveryRulesTest","verifyDeliveryRulesWithInvalidInput_MR_DN"
"","45861","verifyCampaignNameConsecutiveUnderscores_BEDNET","Surefire suite","2026-09-29","broken","2026-09-29","tests.DraftCampaignTest","Surefire test","tests.DraftCampaignTest","verifyCampaignNameConsecutiveUnderscores_BEDNET"
"","44570","rejectComplaint","Surefire suite","2026-09-29","broken","2026-09-29","tests.ComplaintTest","Surefire test","tests.ComplaintTest","rejectComplaint"
"","35202","verifyNextWithFirstStartDateOnly_MR_DN","Surefire suite","2026-09-29","broken","2026-09-29","tests.ConfigureDeliveryRulesTest","Surefire test","tests.ConfigureDeliveryRulesTest","verifyNextWithFirstStartDateOnly_MR_DN"
"","36326","verifyUploadInvalidExcelFile_BEDNET","Surefire suite","2026-09-29","broken","2026-09-29","tests.UploadFileTest","Surefire test","tests.UploadFileTest","verifyUploadInvalidExcelFile_BEDNET"
"","36645","verifyBoundarySelectionWithoutSelection_MR_DN","Surefire suite","2026-09-29","broken","2026-09-29","tests.BoundarySelectionTest","Surefire test","tests.BoundarySelectionTest","verifyBoundarySelectionWithoutSelection_MR_DN"
"","35343","verifyDraftCampaignFlow_MR_DN","Surefire suite","2026-09-29","broken","2026-09-29","tests.DraftCampaignTest","Surefire test","tests.DraftCampaignTest","verifyDraftCampaignFlow_MR_DN"
"","35852","verifyCampaignNameContainsEmoji_MR_DN","Surefire suite","2026-09-29","broken","2026-09-29","tests.DraftCampaignTest","Surefire test","tests.DraftCampaignTest","verifyCampaignNameContainsEmoji_MR_DN"
"","46033","verifyBoundarySelectionWithMissingLowestLevel_BEDNET","Surefire suite","2026-09-29","broken","2026-09-29","tests.BoundarySelectionTest","Surefire test","tests.BoundarySelectionTest","verifyBoundarySelectionWithMissingLowestLevel_BEDNET"
"","44075","resolveComplaintWithJpeg","Surefire suite","2026-09-29","broken","2026-09-29","tests.ComplaintTest","Surefire test","tests.ComplaintTest","resolveComplaintWithJpeg"
"","35921","verifyCampaignNameStartsWithSpecialChar_BEDNET","Surefire suite","2026-09-29","broken","2026-09-29","tests.DraftCampaignTest","Surefire test","tests.DraftCampaignTest","verifyCampaignNameStartsWithSpecialChar_BEDNET"
"","35772","verifyCampaignNameTooLong_BEDNET","Surefire suite","2026-09-29","broken","2026-09-29","tests.DraftCampaignTest","Surefire test","tests.DraftCampaignTest","verifyCampaignNameTooLong_BEDNET"
"","35922","verifySubmitWithoutFile_MR_DN","Surefire suite","2026-09-29","broken","2026-09-29","tests.UploadFileTest","Surefire test","tests.UploadFileTest","verifySubmitWithoutFile_MR_DN"
